dhda_reuse_ALL_model,dhda_model3,dhda_model8,dhda_reuse_wocct_model,dhda_no_upper,dhda_no_lower,dhda_no_hybrid,repeat_id,seed
0.766684382586543,1.0052822858943906,1.0052822858943906,1.0125092766777422,0.6572813935817557,0.9283216460203462,1.0870761421081585,0,44
4.162528917767513,4.779694552873079,4.779694552873079,4.162528917767513,7.357815745422132,6.218969314683817,8.087560278680245,1,47
6.654126028402895,12.309399389315356,12.309399389315356,10.582360131334983,11.466358924474767,6.8753111098073525,2.9941216284786876,2,52
0.7756245325181405,0.7481417941458264,0.7481417941458264,1.7447910712345722,0.5069937123117222,2.997007540301733,1.0055238268411322,3,59
0.3350967223424953,0.4465100468014068,0.4465100468014068,0.3882457520798977,0.5973202013211016,0.44622693984733486,0.855076487676207,4,68
4.61051861799567,10.019303065794666,10.019303065794666,21.204713318834155,9.38986063577894,16.87446067489846,7.590137279447258,5,79
0.8185235421127796,0.802700385904152,0.802700385904152,1.0538895579591618,0.7610057609395993,0.7790923313848922,1.0407487042835957,6,92
1.533679380932405,2.892054156478839,2.892054156478839,13.065941520492961,3.8466197899482286,4.5205368833966375,7.879616525154584,7,107
7.309226475484842,5.334948406081443,5.334948406081443,8.478107246276686,14.88792508285671,11.246287644983147,4.400696025155639,8,124
0.33985722156292325,1.5193156022771959,1.5193156022771959,1.5102730379960845,0.3989762341258417,1.1457323992002462,0.6532095057713012,9,143
25.127872747773267,23.54466388786802,23.54466388786802,36.53284338068151,77.44527462655869,47.697707952348864,20.754640165729185,10,164
17.960083630483176,18.66894946961292,18.66894946961292,17.960083630483176,22.042224488460448,22.723122029676794,9.538756563085418,11,187
1.8782105691189257,1.1426642922916181,1.1426642922916181,1.8710440675482205,0.8404348844385807,2.359362714377449,2.0503487481246334,12,212
1.1740347644675524,1.8690171676507432,1.8690171676507432,2.395013497802122,1.3950278462429906,5.914499235824445,1.2787367090136825,13,239
4.2525666198535035,3.8508291511328356,3.8508291511328356,4.544070849090279,3.8349161042606736,3.1576275470543895,2.853227486425013,14,268
4.049102282132017,4.906127739696179,4.906127739696179,19.078543361151524,3.237597956114547,9.756603420323128,2.755952053109806,15,299
2.5262512997747613,4.992501152339794,4.992501152339794,15.986592621070868,3.0872642130764136,11.26431579982257,5.912949019529059,16,332
1.505562475445373,0.42544820023092045,0.42544820023092045,1.505562475445373,0.5446783244729626,1.4525626495518222,2.609151692532547,17,367
10.610118736692968,10.610118736692968,10.610118736692968,10.610118736692968,8.429510803469633,5.0438374369547265,9.419333360050027,18,404
1.4570797828113389,3.2678499694320546,3.2678499694320546,1.1740194929548333,2.3418372881494864,3.3247763265929358,4.3529633573165905,19,443
3.2741610700762767,2.181315677076578,2.181315677076578,3.2200459745550987,0.6206088777468827,4.097900734104745,2.1872534901158223,20,484
17.28740120100941,17.434730340156413,17.434730340156413,27.505673436472364,21.585457125257236,15.948779245027657,17.5905125805815,21,527
9.971160778007869,10.173802244361013,10.173802244361013,19.193317210987807,15.719091714682165,11.891098483421967,4.649479955785016,22,572
1.849443606477179,1.5369752004837514,1.5369752004837514,1.5470991068006503,1.1113251051195525,3.92779283267126,0.9773716154480043,23,619
0.8087189822926721,4.487054542479234,4.487054542479234,3.706312541684822,0.5948803559007755,3.742446403604894,0.953314669996239,24,668
3.103940452438966,3.169242938357012,3.169242938357012,5.260658747129965,4.083337164029835,5.472012137055713,0.8994094368971072,25,719
3.6987111613070676,4.733994766484512,4.733994766484512,11.340701447782632,13.26020811843774,7.254515861922323,5.0468365997356575,26,772
39.538920468286456,42.90361486332357,42.90361486332357,39.538920468286456,39.48348483613423,24.281860987859563,15.760736777561075,27,827
6.920707273931705,7.687692503518227,7.687692503518227,4.936766059910881,3.45674028756417,5.046076576205081,1.3295878485501984,28,884
6.37733004878883,7.5986318475044,7.5986318475044,13.796861100980463,6.9781909110347,10.288941103887886,11.122740583768005,29,943
