dhda_reuse_ALL_model,RF,DHDA-HT,HT,DHDA-KNN,KNN,DHDA-LR,LR
0.5220728187587169,1.3615930934775444,0.7059885914719995,0.588309012082315,0.748607828868974,1.0210046210599766,0.9190722689084734,1.4352887322249548
0.4100086068197151,0.5816911533087338,0.5588706780092582,0.5620110552834148,0.7170612001718968,0.9302777214027231,0.8076239708279173,1.2563030932485864
0.4204641057547648,1.0837499373493675,0.60872294097252,0.638035196691458,0.9419293429225984,1.2722956473916631,1.1533233644770362,1.7594233014833232
0.4591700723234632,0.6325064701434053,0.47831165592522357,0.593943817600661,0.6306029330830525,0.9818892703552801,0.8839570939088061,1.299502246691531
0.4295275465897527,1.0656424227218735,0.5427881398908254,0.6089324743561897,0.7363294078121864,1.0848063362867613,0.9724569548832707,1.4268003289652154
0.2901150027489161,0.502346453716317,0.67199742680452,0.7073416097496482,0.8304588599003305,0.9819045343190452,0.9657071289049854,1.1639491183769153
0.31386704501212886,0.38428687909992765,0.3667048683406241,0.4596575604506024,0.5758636488540801,0.8165358839447223,0.7569232635180917,1.154835141846184
0.4472460749032382,0.5106513305654388,0.5248926919223537,0.7452909674568395,0.8148788851773607,0.9278937108311486,0.9706761589199073,1.425494426151491
0.4201216942772891,0.5266795240231582,0.5174988675505852,0.6051139566593898,0.8310581865949777,0.9431905506643296,0.8683306018959623,1.2633380936777239
0.30960210352334827,0.3559977566223121,0.4238133228340216,0.5241553822774585,0.5818677057285003,0.8894170103582963,0.788806172274076,1.0227862132672472
0.4113227256861884,0.5274974495121902,0.6620134615021438,0.7861185380081522,0.7169954242287455,1.062742600238837,0.9072589036147896,1.5529074549911879
0.45349438594081326,0.5754569117034749,0.5658705838173599,0.5511006084639719,0.7452393993358378,1.0262217261365314,0.8768749590461854,1.3377942314904416
0.27610479491621637,0.3862217880545562,0.2757912558895123,0.5484338005165229,0.5169977769681576,0.7927464030036253,0.7681830995999522,0.9500774657708002
0.5010224951582382,0.7884064852163879,0.5428500542950583,0.6747518404939528,0.9288554993733635,1.184405925168017,1.036475719320143,1.5371280683252402
0.31943028204030793,0.8980521455294677,0.4731383842591945,0.585449850221385,0.7701751171165809,0.8431707721585667,0.8777862434692658,1.1675580488057138
0.47275155070005165,1.0793267049495288,0.6684395908214061,0.662326556002443,0.8839406171680783,1.2125386644278284,0.9219636019649983,1.7805706360914704
0.40725123623455095,0.9742496349148676,0.6387131212019656,0.8320656463399605,0.9623147244649616,1.1943313728528355,0.9338708153058292,1.4959587454750396
0.43042363036706327,0.4088455236693215,0.5269595271296462,0.6961707369212999,0.6151574590853738,0.9192103608720182,0.8392832110879478,1.314049576792069
0.5206298291937069,0.5004152164363275,0.6247504183883268,0.7251908955643943,0.7563990445355041,0.9877441393153309,0.9513701603439682,1.5123924212163327
0.38350454348129537,0.7285612342649397,0.4380066930514878,0.5263522633750647,0.7578281289636157,0.8849932304988931,1.0308091952759935,1.2143345381413717
0.467366581791035,0.5508980512708658,0.6544266769290691,0.8247946186524172,0.8859958074966577,1.0197030182101763,1.210648259539449,1.4850220845281312
0.364641589998326,0.7018889159391748,0.45939501328495924,0.5643698788673455,0.6094986501154346,0.8165454239672384,0.8823500840976712,1.3041059152097498
0.46646215043280703,0.4553498774329813,0.412058538449647,0.6209666685371612,0.7152042856171034,0.9668413833988843,0.9718548978157994,1.2300860161983593
0.39122289856615144,0.9674076012405639,0.5866127333246427,0.6188494859066523,0.7723489927182262,1.0391116584840987,0.914126046997385,1.2413073095320817
0.4929056663063798,0.5480415956425577,0.5114347459955878,0.7234819701142908,0.8230438438644225,0.9805501262845069,0.9755082476415944,1.3681708230676455
0.4095165086821253,0.5935446355243578,0.582440203363543,0.7017214418830053,0.7070181131796853,1.0444023236603894,0.9461293780771454,1.4450673328805992
0.45807938943124493,0.8483471712096092,0.5771575364194151,0.6170603897354102,0.7879408995488117,1.0403941592334889,0.9886799966576647,1.5876857351302558
0.25267953906043084,0.694969520580552,0.5482123407156423,0.6036001802067361,0.7332615169483574,0.8891588499230961,0.8318599353312253,1.0863786517571412
0.324402916986134,0.35648426591505755,0.3977953143155268,0.5403492794433998,0.6444008098217603,0.8237383021532123,0.8304816631878977,1.1877067646493344
0.3024569854690818,0.517714533247387,0.49847837752227053,0.5331606226583616,0.6570457207095072,0.8651397355655447,0.739461803896452,1.120439830379029
