dhda_reuse_ALL_model,RF,DHDA-HT,HT,DHDA-KNN,KNN,DHDA-LR,LR
1.5271598086504172,1.3900511675045475,1.1782186862278567,1.3549188222978747,1.3096654281165638,1.2890399664101917,0.8653598014485651,1.2359138390215574
4.768569467272034,1.6149462442090334,5.095566596216202,1.8373875273008151,5.145115305260721,1.6644390956881119,2.37414080212823,1.9858565210778227
11.260547065813613,13.173522528798411,7.829992359342859,15.116263658735749,6.626149119558023,16.810638072981142,8.437918768311597,17.79119302196476
9.571002993841468,3.4796122894792156,5.879609363247502,8.460961381723575,7.372065554993396,8.077312041990497,3.9994849104029844,4.701618840037986
0.41751971625291784,0.41890884421537744,0.32224940452692163,0.43339993764343543,0.41202788077381264,0.5958094102231677,0.3331195893205467,0.5642359392422166
2.8284225131285035,1.743487549037144,1.5497860216715975,3.0096937244672426,3.5753997385513316,2.404138898700804,3.0562909538400667,1.9837841054429795
0.7551179906497834,0.5117313477072172,0.4848051439578036,0.9548578896674502,0.5777527973122757,0.5760614197216456,0.4391078222319393,0.6488037259960963
8.554159230581982,3.699151114213296,4.554776462681316,5.386369270096472,5.178816267440597,6.567771806588512,5.574919440226706,4.514799141511087
2.4318293171366094,4.078906411920454,3.371630671320838,2.9638091061376812,1.9891871339995704,2.0122755027423005,1.361946092081364,3.2222484490369645
6.71025578684989,13.382023201967199,3.142722677960476,1.9938538595886874,7.621770815757325,6.093202899677754,2.9967174748128076,8.515535169888617
2.7641181283016616,1.4653750098646596,2.134761187303604,1.7603496071578728,3.0691422900500327,2.0836307718769773,1.8538715284277232,1.8387775900796575
0.36244780675557053,0.41169752017683386,0.2785560934380035,0.3767870028192845,0.3458189945506894,0.41532587605465665,0.33771557886761716,0.41234691756694625
38.67548007045922,15.367342200330045,41.953347334677666,13.711861324846197,32.08679089167157,11.966285133855942,20.52802368755681,17.44096787142873
16.160812659075475,37.233476225910486,16.124399959574646,9.630304715083774,28.934483719182715,4.442839628947739,12.275707868677872,4.544445359692121
0.804140478043578,5.523831257626101,1.568592440577846,1.5625341798216776,1.7795085638282309,2.189309955970599,0.6844959485847979,1.4750510883219452
2.543595314255259,1.350343376704929,1.9472360803092332,2.365494869802078,3.414149198145664,2.2623129914883613,1.6948609167577633,2.8105543378292857
8.039517348520508,6.38186838197507,4.067564695633749,3.494084416581278,5.1984261977306865,3.8568051963799537,5.192576904880488,4.843352059913506
7.7048315088616235,2.9584020403608036,10.093512476010014,2.442244441838216,8.398954474148754,3.652715144484013,7.487139928716967,2.7926353370075647
4.810643169917593,9.951146308304487,5.197441831714392,5.455712542652914,3.8490886366241255,6.636108123238086,5.679631095488659,8.791319441776688
8.922573497421391,22.23131015187687,8.591749628479967,7.825011667415243,9.561164073079691,5.086573659492189,8.206872865086893,5.9953505890066525
18.79266630089042,5.574604704967313,14.692885373646707,8.62909528495576,7.495623311575185,8.900490898081593,5.4890889092100075,10.841209677326765
0.6987573631336259,0.6766933471643678,0.6795010626644078,0.7292402195077359,0.7341569287231411,0.8290159685650081,0.6808516242077556,0.9304551610696846
7.136484452652317,2.4074743049752256,7.082174466371387,4.627819646671173,7.447958532456768,3.748772584042388,3.936201452553161,2.581027209902217
6.01416782510377,2.885024181656134,14.04534060518711,8.964026166359595,7.774836212258616,3.9040957521011395,4.050996547414021,4.197515488393512
5.625833834667355,3.554042290188208,3.2973129350119263,2.887143620100414,4.19853340008045,2.5647628111097474,2.8526098089687344,2.0396842799739283
5.867223779101514,5.695310310010063,4.2767825099113335,5.344149556731392,5.348716156602184,9.034354176930714,4.297905943102914,5.180840648124536
2.145713958200807,3.2166469127321515,2.419208928501057,2.2714452960207425,2.291131757112251,1.7908610833813317,1.364110990607722,2.1548340597578903
0.9502277812646399,1.9629133587293601,2.585737317116745,2.3957953902700018,5.306797542072211,1.515472862110284,0.6103043499299722,1.453587190206201
3.7692990987159667,5.995324878372501,3.837093977158097,19.69744685505855,2.152096349369578,2.9469150476011476,2.0138231621831943,4.68346647635555
1.9470138644011294,1.7180720887896739,2.0563756870355214,2.495825610730256,3.2750636632991337,1.9128643484461125,2.1480431869771524,2.5338287133735653
