system,dhda_reuse_ALL_model,SeMLP,BEETLE,ARF,SRP,DaL,select_regressor
sac,1_3.4864_(5.3849),3_5.8335_(41.992),3_5.0771_(42.257),2_5.8057_(17.6605),3_13.9473_(18.2868),2_7.4496_(13.544),2_9.8301_(17.8229)
x264,1_0.4201_(1.3687),3_1.8229_(3.8825),3_1.3043_(3.3226),3_1.744_(2.9538),2_0.777_(1.0515),4_3.8078_(11.6171),3_2.3481_(3.9189)
storm,1_54.7629_(76.4079),5_243.1918_(321.9932),5_243.4212_(345.7282),3_212.6831_(189.0231),6_477.4473_(537.7514),2_139.4497_(201.5543),4_352.2725_(262.8222)
spear,1_0.2826_(0.1624),3_0.7951_(0.6056),3_0.7849_(0.5311),4_1.4843_(0.6475),2_0.5392_(0.3662),3_0.8238_(0.7337),5_2.1829_(1.0302)
sqlite,2_0.5113_(0.6503),4_1.1368_(2.3684),3_0.9224_(2.0384),4_1.2774_(1.5576),1_0.4269_(0.4026),6_5.1002_(6.4513),5_1.783_(2.2008)
nginx,2_0.1333_(0.0685),3_0.424_(0.7227),3_0.4271_(0.7227),3_0.9276_(0.2418),5_1.9478_(0.3156),1_0.1158_(0.0896),4_1.3174_(0.2164)
exastencils,2_0.0338_(0.0045),5_0.1396_(0.0226),5_0.1396_(0.0226),4_0.1328_(0.0071),6_0.1441_(0.0182),1_0.0287_(0.0022),3_0.1005_(0.0075)
deeparch,1_0.4157_(0.1244),5_0.8116_(0.3204),5_0.8116_(0.3341),3_0.5971_(0.0882),6_1.2974_(0.3246),2_0.4683_(0.1073),4_0.6267_(0.0852)
imagemagick,1_0.6245_(1.9701),2_0.785_(3.1356),2_0.741_(2.011),2_1.0911_(3.0764),3_0.98_(7.2933),3_1.6081_(5.5527),3_0.8302_(5.0066)
libvips,1_0.2488_(0.1886),4_0.7397_(0.7128),2_0.4436_(0.2862),6_1.4007_(1.7986),3_0.5646_(0.5104),7_2.727_(2.9387),5_0.974_(1.3276)
pulsar,1_0.5075_(0.2887),1_0.3861_(0.279),1_0.403_(0.3232),2_0.5492_(0.4049),5_1.0905_(425.7607),4_0.9031_(0.8989),3_0.6535_(0.5046)
rabbitmq,1_4.7896_(5.9592),3_6.0635_(13.7399),2_3.6367_(7.9542),3_10.3661_(17.1415),5_1681261862.2432_(37300237760.4515),4_18.303_(28.2687),3_8.9909_(15.2084)
