,dhda_reuse_ALL_model,dhda_model,dhda_model8,SeMLP,BEETLE,ARF,SRP,DaL,select_regressor
0,217.19134616851807,169.02139401435852,168.3801543712616,381.8744201660156,379.96489572525024,128.45607900619507,97.5116879940033,462.5975546836853,22.202860355377197
1,206.45930314064026,169.96743297576904,168.49366521835327,22.75207257270813,22.65297222137451,145.01679468154907,97.63012599945068,429.60489869117737,22.41781187057495
2,180.9301462173462,168.52628207206726,168.42267155647278,481.566766500473,533.3562252521515,141.70336985588074,100.10021114349365,430.66989612579346,22.266298294067383
3,193.53417944908142,154.3424894809723,155.13775873184204,22.642422437667847,22.628546476364136,139.2416651248932,98.46657085418701,432.3217422962189,22.46834683418274
4,189.34751749038696,201.82635688781738,203.50129461288452,160.03485202789307,156.61286902427673,128.90668058395386,98.50710225105286,430.8883173465729,22.501842975616455
5,189.33600997924805,184.7060248851776,183.26478672027588,22.85917639732361,22.964435577392578,123.45707082748413,96.13614511489868,431.71760606765747,23.112403392791748
6,186.15777587890625,195.80336666107178,196.142591714859,23.13884139060974,23.16307806968689,147.8357217311859,99.25398898124695,433.23977541923523,24.3948495388031
7,196.33915090560913,177.34307980537415,178.1904797554016,23.380765199661255,23.243894577026367,141.4507918357849,97.32105278968811,427.4246623516083,23.273621320724487
8,221.32444739341736,192.12181568145752,189.23278045654297,23.101675510406494,23.088040828704834,149.11126112937927,96.04710865020752,433.47432351112366,23.038020133972168
9,205.84295392036438,177.3658585548401,180.99843764305115,281.7535095214844,277.9243037700653,138.76217699050903,97.03324627876282,478.00538182258606,22.568732261657715
10,201.20132875442505,162.01732349395752,162.31110334396362,23.313626289367676,23.199352502822876,152.0100498199463,102.08439707756042,427.25368547439575,22.793549060821533
11,184.11658191680908,162.7604386806488,163.67304730415344,23.484342575073242,23.45878529548645,146.96745085716248,99.5433440208435,431.27482652664185,22.837560653686523
12,179.8180820941925,235.95401000976562,233.63504266738892,23.114931344985962,23.02735447883606,116.87054657936096,94.30662131309509,430.6613848209381,22.992281198501587
13,183.56639862060547,163.10169959068298,161.50577116012573,411.0432925224304,427.5061385631561,141.32240986824036,98.92891812324524,434.379714012146,23.39302706718445
14,207.13037037849426,197.9176528453827,195.3794915676117,23.395668983459473,23.596824169158936,143.36404275894165,96.8651614189148,433.07663679122925,23.476775407791138
15,180.930438041687,202.06291508674622,201.14286637306213,279.07608366012573,279.14063239097595,118.93614673614502,100.23798322677612,440.71764159202576,22.857596397399902
16,178.42486476898193,169.86652755737305,173.1860272884369,533.369793176651,532.3965499401093,148.15631747245789,97.4467601776123,441.5212504863739,23.15390133857727
17,195.78123259544373,163.53561305999756,162.17670965194702,23.405908346176147,23.78491711616516,142.22999954223633,98.73156690597534,436.86296129226685,22.698175191879272
18,231.05982732772827,172.7288854122162,173.08173203468323,22.834158182144165,22.854658126831055,146.99172496795654,98.17270183563232,436.6588683128357,22.58123207092285
19,180.47959566116333,169.0905408859253,169.4996042251587,23.341729164123535,23.209166765213013,136.27444124221802,103.2766661643982,440.68467807769775,22.52580714225769
20,200.1525354385376,180.85216069221497,181.73890590667725,23.36699366569519,23.296584606170654,145.31869220733643,99.94874286651611,438.37653160095215,22.546438455581665
21,200.55280900001526,164.21580600738525,170.52795267105103,23.044848203659058,23.065069437026978,151.75161385536194,99.86324095726013,434.3258852958679,22.56867265701294
22,196.13573098182678,185.59838962554932,185.13838934898376,23.654919147491455,23.443597316741943,138.9509081840515,98.63987112045288,434.9000895023346,22.491068363189697
23,174.00366806983948,182.30791425704956,182.57724523544312,22.958847522735596,22.98790955543518,124.40368103981018,97.76809620857239,437.5008878707886,22.76718831062317
24,183.8844699859619,157.58805894851685,157.01564860343933,23.715242385864258,23.279746294021606,123.34831857681274,102.47543144226074,437.7556519508362,22.366220235824585
25,192.1817286014557,159.5407600402832,158.91067743301392,23.413758039474487,23.486345529556274,140.76800394058228,99.80667686462402,432.1143593788147,22.426809310913086
26,221.7831745147705,164.14970326423645,165.64756417274475,117.13990378379822,116.71347689628601,135.93565440177917,98.02074265480042,455.0825881958008,22.958731412887573
27,203.31679368019104,197.6753053665161,201.55758929252625,24.085949659347534,24.087002992630005,138.71589612960815,100.87524318695068,446.65352988243103,22.479872465133667
28,204.45639753341675,173.67073607444763,173.34121870994568,24.942991495132446,25.134397506713867,139.89810824394226,100.82778930664062,453.19379019737244,23.373000144958496
29,181.27756786346436,173.34599041938782,172.61764788627625,24.77264928817749,24.919161319732666,149.76858115196228,103.84333682060242,448.308748960495,22.030765533447266
