dhda_reuse_ALL_model,SeMLP,BEETLE,ARF,SRP,DaL,select_regressor,repeat_id,seed
0.32867771719399674,0.3665751904176092,0.4892365214067992,0.6223990621710094,145.48737137149845,0.7864522776556052,0.734607713,0,44
0.5044103469740241,0.2185645433124014,0.2112702165816533,0.43721361536137965,0.44208746750898037,0.4258987866881259,0.44631621,1,47
0.5682927276530558,0.6408808733185997,0.5801441701821903,0.5549335062865204,0.8516181322465888,1.1221904950955848,0.574919653,2,52
0.6956984264603105,0.3697866119836748,0.3143117148063643,0.7903167506947719,599.7075930629867,0.9251147882686873,0.960179832,3,59
0.43587629051366783,0.3586523268751312,0.3597535386352946,0.5227525082965763,445.37608969888595,0.7785291596554401,0.577899598,4,68
0.612230166158005,0.5954416702315698,0.7014236021146721,0.6740992991058425,10.071372136644097,1.249633844137771,0.7890764,5,79
0.5369348359653965,0.33763067643089106,0.3679315801284491,0.46214409232042225,1427.2192190360022,0.9298106977743714,0.654689843,6,92
0.25506915648994327,0.20835688900966695,0.20835688900966695,0.2516819140965563,0.3139538152989654,0.2528430313672342,0.225538265,7,107
0.4162783928374391,0.4186598616406394,0.43553498789148254,0.805865059341546,278.2019086670646,1.2320429621079725,0.899721038,8,124
0.542796528491485,0.4431687620815234,0.6290696377251854,0.8739236745461908,1.0975070877295015,1.1394422309078598,1.040458452,9,143
0.5843670673516195,0.8044561851422652,0.7074681082196845,0.6618595741067306,8008.500181035599,1.3261178773635285,0.785040024,10,164
0.5141736752396615,0.40235374168455734,0.37037591859133057,0.5435265710066857,0.8086225319135153,1.089224349554061,0.703438006,11,187
0.16217594761439916,0.10609481602079159,0.10609481602079159,0.2329699158633061,0.4097673013649301,0.15429709070470576,0.16370587,12,212
0.2982602864950776,0.3528167939457667,0.29290248515538453,0.4912000246002602,0.5506704219762412,0.4573401728287344,0.501650554,13,239
0.5987494291693803,0.5915249453264116,0.5086973132097452,0.5052701164249017,0.925534636458025,0.881062319281644,0.665613661,14,268
0.8520359906717273,0.8810521258175598,0.6584548527339665,0.7043557400761339,3137.4961726307783,1.3533690447757536,0.79465713,15,299
0.24520552472283152,0.30465146775467,0.20201776008630695,0.23569505059604548,0.3052640292080893,0.27873242784714225,0.236075001,16,332
0.7097029874889301,0.9157482675768573,0.8335983581590782,0.6987078740508921,202255.5922778642,1.4446149202034344,0.648435959,17,367
0.5105530550603776,0.32609027139562125,0.30072715064182765,0.7694037283623636,10409.090474896471,0.6065291616624832,0.73105445,18,404
0.511968063871895,0.5384544990800121,0.49933199624141494,0.8147708719665286,1.369008805390971,1.2227359062184537,0.991028614,19,443
0.49540457146480243,0.48785399857899575,0.5848919046244551,0.6845427878954867,368.5860406286371,0.9321117874546876,0.846065599,20,484
0.4487573433228586,0.6035604161806014,0.5849286276417791,0.5921447905821179,37.826167271907885,1.4197708360507129,0.575523538,21,527
0.5293835133433892,0.7189196626995047,0.7791118499307655,0.7768691910328241,1.0835438854581494,1.5496769864470734,0.878949712,22,572
0.5712501304927331,1.2010948963322918,1.0551059911999663,0.8556024060751095,13408.424628101895,2.073388145639271,0.897510294,23,619
0.26921135081554914,0.33090556235471963,0.30598057935294276,0.17625533781766353,0.36855297770076806,0.26837878899496315,0.211574445,24,668
0.2676432267960758,0.22243903249366415,0.24740212032943829,0.20293492968282476,0.331098370225768,0.29915870696506697,0.211287487,25,719
0.1623900378451801,0.32134582838771264,0.32134582838771264,0.19284298833926497,0.2915533582432124,0.16415828431523788,0.149571992,26,772
0.1880886627322797,0.11372671101177578,0.11295747320617153,0.2399361756161263,0.28635040537922074,0.1570283094653732,0.17095442,27,827
0.21323698856681989,0.20885419490568102,0.22393667619974567,0.1949302315715499,0.2791465503336991,0.2721922425742974,0.185385261,28,884
0.555920589632151,0.6097287874861536,0.6416573869501155,0.5247463779855942,0.9461895801516755,0.8172208680758327,0.652275034,29,943
