i,dhda_reuse_ALL_model,SeMLP,BEETLE,ARF,SRP,DaL,select_regressor
0,0.26609694339472,2.420981071375449,2.7116404606169247,1.043121102203374,0.5818105303348867,1.310458015938867,1.542415176
1,0.2916656409109731,2.0252082029930913,2.1922219138593024,1.4177866290208048,0.7207226072768708,1.8205652961572167,2.198185181
2,0.3242870038088083,1.0078464574196861,1.0073978500255079,1.8586061031396244,0.6072974642627644,0.7718786691699351,2.554011493
3,0.3567803495699858,3.8168244856984543,3.3448766867377713,1.7723551317814752,0.5966192667277035,3.174780318112333,2.167523385
4,0.30786159097192317,0.6281468893330168,0.6281468893330168,3.5560983504586354,0.7806471195587924,0.73806856492045,4.431014301
5,0.1574037331559569,1.0001389472668418,1.0124225130013633,1.1918430793006904,0.2941614287679485,0.7065760204146349,1.642581035
6,0.48748981308782907,0.7162214181839451,0.8166104114267049,1.1887835140895509,0.5830583514841768,0.619986963358179,1.307175928
7,0.27349162223516954,2.1310242663583683,2.303484279081959,1.4549265717285074,0.8433355860737715,2.222228326335337,1.923632422
8,0.4276098901655626,0.6498096111331586,0.7552028709105046,1.4932796124416199,0.7400122346593546,1.305839536399998,1.767583415
9,0.1697002592755318,0.3660702192434556,0.38345523278299065,1.612093751050544,0.41542796028035583,0.410426118674616,2.452033636
10,0.4700093784389274,1.215653043239632,1.229688804698277,1.4048318271672147,0.6655193185950249,1.6339034461923012,1.663178868
11,0.21854210869837445,0.7765048986148613,0.77489382175275,1.7119422769901658,0.3075308260458163,0.7137064800748717,2.89727562
12,0.2240782231192913,0.395147438713878,0.395147438713878,1.1497333687901794,0.3393770650480614,0.3805812221891917,1.608708488
13,0.17059943086630291,2.9497747586644305,2.8756931265468944,1.0982045608389936,0.3637529692181758,2.395002371598068,2.297975095
14,0.4895626229401758,2.169114017748436,2.140135721769209,1.6085949572450469,2.9666126151523984,2.609684046238168,1.715088986
15,0.17294890153370826,1.206515715314147,1.167043887835135,1.040290914120954,0.40090054451262364,1.163329640580561,1.070926112
16,0.23540426653445376,0.31810958199614214,0.31810958199614214,0.7186774773905573,0.34104996765311524,0.42894840265182105,0.591110085
17,0.2984992684245121,0.8137698419073305,0.794991986296057,2.0386107771683997,0.9303049632808316,1.02061481198637,3.611821709
18,0.19219543044192358,1.7271559015187545,0.6697098217640965,1.4656874562969255,0.34057505445032343,0.6536016089373128,2.623137117
19,0.2194718352766239,0.6026593218451202,0.6026593218451202,1.4752304945241297,0.4127299700875766,0.6337787871849219,2.322453232
20,0.4747929589415375,1.1198827339784425,1.1206296582931334,2.7203509810292057,0.946592617484232,1.1958457434665908,3.850074755
21,0.31915870262338464,0.6494097446128492,0.759069702584245,1.1493819233990854,0.4006467134875531,0.6843293510060757,1.181289489
22,0.3403251890507935,0.7177411407156122,0.7295041326814449,0.7255911008592448,0.31986355856486814,0.45831660120081463,0.783569766
23,0.32367975702303003,0.5175196670966795,0.5175196670966795,1.5075841274726622,0.6240027407991617,0.9389551224060905,1.825187753
24,0.16521776501173918,0.6230426482490681,0.6230426482490681,2.0335345713186967,0.20841831161501934,0.1438460936904616,4.134594001
25,0.17283650773005857,0.5123399313982185,0.6315148538949905,2.093313595215538,0.2202888132506804,0.3123881509050689,2.696151894
26,0.3504096350424416,1.1426943592501468,1.007284399767615,1.5849479183732031,0.8309316460295305,1.3911647660863884,2.216555496
27,0.33978184271757744,0.5415517849506422,0.5415517849506422,2.7056125045226915,0.5345310632638179,0.8757636216519269,4.094256093
28,0.1717539774264129,0.8689550645931723,0.46371988307867956,1.350682885399592,0.25206728124584016,0.35188693224767287,3.198213331
29,0.13814442978380526,0.5941535115453913,1.037443343487027,2.050893235045219,0.5437898644779761,1.3726860737289037,1.934610893
