dhda_reuse_ALL_model,dhda_model,dhda_model8,SeMLP,BEETLE,ARF,SRP,DaL,select_regressor,repeat_id,seed
1.08474545808,0.593861518235,0.594477586089,4.83346878742,2.70371565326,0.970920280753,1.32838197494,3.56921174197,0.471544998268,0,44
1.17614113545,0.572116140662,0.572616214588,3.89472318436,2.38801452456,0.944054767181,1.64457977311,4.03688363618,0.276246580584,1,47
1.33688844812,0.636452327103,0.615162814075,4.4241666539,2.7788140075,1.16218129355,1.47136909879,3.75486700288,0.268000224541,2,52
1.06178401914,0.721129289167,0.731292557716,4.21909445154,3.79364340634,0.970305461719,1.32438615273,3.59566715668,0.259945538126,3,59
1.09180899077,0.611858855445,0.613894281716,4.35328177748,2.60514099845,0.999098847652,1.37517952344,3.77576244042,0.270233008779,4,68
1.03820160586,0.550377045007,0.553823318153,2.36320781214,1.77373319823,0.934721827507,1.30820481366,3.43398113744,0.253250977089,5,79
1.16173029028,0.572207886597,0.567224163023,4.22026059628,2.54763905673,0.960349965096,1.30206520311,3.49557210659,0.254249535758,6,92
1.08735081574,0.574637005247,0.570233502059,6.54630060114,2.27306248073,0.847320477716,1.33539468667,3.49060973381,0.255311507192,7,107
1.20091640292,0.561520943148,0.561098122597,3.44736673339,2.39900277401,0.982594450589,1.37885585982,3.82629162114,0.268882151308,8,124
1.03822317041,0.574519455022,0.577630827345,2.00499198108,1.98288021745,0.958642850251,1.3857466599,3.76178034174,0.266494758376,9,143
1.16613039313,0.527444231921,0.528633522165,5.66831482772,2.20174055922,0.826899073042,1.31451129173,3.38962815219,0.24935109122,10,164
1.17176858721,0.57353806249,0.584904595901,4.55437604394,2.53887331568,0.980005410622,1.40234998259,3.83875277947,0.269430292886,11,187
1.16319270709,0.563898378405,0.564404356891,4.63141918265,3.0194185109,0.94433560618,1.36789819537,3.67485302317,0.242224268256,12,212
1.2030801436,0.554095763996,0.564284367397,5.33942310481,2.96304733424,0.890689888494,1.34870767676,3.66598452617,0.235011370429,13,239
1.22181323315,0.572031501244,0.577720213759,2.65969464039,2.20791327624,0.972100622078,1.40847826497,3.70163463888,0.229074187114,14,268
1.23538239496,0.551825974727,0.556734709082,4.1137636012,2.38051434879,0.945890218636,1.33502756152,3.63772819124,0.22488438672,15,299
1.11408285108,0.653060381166,0.651955963003,3.79435529133,2.49715250032,1.00087923839,1.41797888937,3.98264957543,0.230670931421,16,332
1.12957319062,0.553222825609,0.560438869739,4.56967387528,2.57787482656,0.927688063424,1.36429879912,3.58728344605,0.214214241916,17,367
1.15928025986,0.552650791201,0.553679864982,3.01448068865,2.66760235162,0.938590833236,1.37954732961,3.681754081,0.2177873669,18,404
1.22957765892,0.588182926178,0.589991243132,6.8422804594,2.06559211303,0.885430346686,1.22133421405,3.37859115765,0.215858256406,19,443
1.33563147167,0.613611045377,0.618954023822,4.74807336002,2.56973727736,0.901500334411,1.24377514001,3.50283962776,0.216704446694,20,484
0.93259367614,0.507312254248,0.506313392212,2.39650535419,1.79646426563,0.73078718021,1.01683356269,2.89706747696,0.211762795777,21,527
0.860342083306,0.407121336049,0.413900400852,2.3144415913,1.97507250227,0.713142203463,0.973735408947,2.89452829279,0.208475322559,22,572
0.908658601498,0.472978989831,0.478074361538,3.13521300267,2.35295154473,0.847445060467,1.2035974741,3.30398891383,0.224037290442,23,619
0.963490408042,0.540781849828,0.551079441761,4.52079234781,2.20659947395,0.884091452072,1.21192324655,3.13187049175,0.203053237652,24,668
0.955850472944,0.506859202221,0.484277450627,5.01396668122,1.72599388649,0.603008395228,0.941438528587,2.77306023631,0.202603944417,25,719
0.768241355337,0.389602687441,0.392995435616,2.65475496424,1.92826732931,0.549309044871,1.00327153864,2.83673921536,0.198660539759,26,772
1.04887150978,0.6307053418,0.621016518001,3.08048407703,2.29659074997,0.98592991089,1.55153025759,3.90641390866,0.202293858857,27,827
1.20084769479,0.648679820422,0.641238427984,2.62014410825,1.85927777619,0.977972246861,1.47974826139,3.87255195092,0.202154732573,28,884
1.2524234484,0.5851159959,0.591123285787,3.93940483866,2.15224128427,0.86961064092,1.41902179636,3.72486259033,0.185462487977,29,943
