,dhda_reuse_ALL_model,dhda_model8,SeMLP,BEETLE,ARF,SRP,DaL,select_regressor
0,0.368145595721,0.323656060831,0.397586115007,0.395983568052,0.516469147147,0.82129274345,0.475787558207,0.125244497284
1,1.74708725766,1.65657927156,0.158895060299,0.159332382001,1.53404243981,2.14416853393,3.87379520502,0.345679069922
2,2.00531959921,1.49811685182,0.174310562087,0.175125924552,1.47313776443,2.24070501521,4.10566393534,0.381443308621
3,1.90147497208,1.45667998384,3.22738680607,3.46959651001,1.71250013026,2.73416977006,6.79465899816,0.515369461804
4,0.414241651209,0.409378893007,0.0621317557203,0.0611269842318,0.686777200156,0.978510420497,0.629501616083,0.163180349319
5,1.93950547823,1.29810774423,1.5834533548,1.98878191157,1.65260551809,2.68621116537,4.12322301206,0.380223906137
6,0.654289096352,0.370261079897,0.468664568614,0.250703330932,0.670076868398,0.911042661202,0.546117189454,0.142918003284
7,0.681955068092,0.604779547792,0.929997686448,1.15349560637,1.04069559942,1.59182857692,1.46068734076,0.237096319354
8,1.32577139381,1.32428431705,0.16080016237,0.163026852336,1.71376265161,3.17279963183,3.38764688445,0.332035493075
9,3.05740958501,2.02779660186,8.66769386695,8.07660381968,2.16347074121,4.28699734347,11.2424942187,0.607857318428
10,0.756529726633,0.622386232624,2.71652936354,2.7221874144,0.960399121773,1.61009601849,1.47477609743,0.256949655409
11,0.432958240431,0.4246398007,0.0636041358234,0.0631358022612,0.683909373555,0.912325783474,0.620005249008,0.189843055679
12,1.31929099463,1.23655454705,0.127456351024,0.128866825647,1.44048371354,1.72317248631,2.79250291305,0.383650463771
13,1.64530221815,1.5810762324,2.53379126681,3.33075689882,1.68174834562,2.59852330665,6.31334704112,1.1061801639
14,0.381570102723,0.365362425161,0.0556035429482,0.0548411094076,0.540208820405,0.880677731057,0.548187007749,0.194135493379
15,0.976056170657,0.956437401655,1.51402725437,1.96582471064,1.34294701786,1.94960927576,3.14958414993,0.434822165869
16,1.13260356198,0.833774398013,1.52780784049,2.10236663159,1.30631161318,1.81456493168,2.49842880993,0.390208581599
17,1.36993101942,0.997631270711,0.365257259307,0.340985763364,1.36504994757,1.70534830559,2.77836445483,0.382700516926
18,1.33333842929,1.34185276187,2.99567018292,3.00975024797,1.22746001996,1.82477591484,2.74906205743,0.380184326715
19,2.30487757388,1.72306114677,4.29375746967,4.3135186521,2.69551404511,3.29794675742,8.63237791333,0.683079182617
20,1.83509168392,1.11742941345,1.80509522097,3.21822672743,1.8267098074,2.24942826256,4.54602867413,0.506984664173
21,0.62410427109,0.615410409323,0.630219732843,0.634122602339,0.939416902821,1.49163287442,1.58879636168,0.29744433969
22,1.08456379999,0.83818425008,0.673967233518,1.41254447922,1.33782135568,1.80007994466,2.61703509432,0.38832415604
23,1.76248243572,1.29204702377,0.169486569195,0.173885729255,1.69875923599,2.34771797909,4.22219730587,0.487120035218
24,1.76555094486,1.12825653999,0.175512560015,0.176373968279,1.96397353575,2.31170713611,4.5074213404,0.507226321755
25,1.75420551765,1.71934244109,6.70225848221,3.5746622764,1.55262159332,2.24867470284,4.1321978569,0.489732812091
26,1.06579570266,0.916060341083,0.342362557,0.454495179944,1.43953156859,1.79290188425,2.75274486077,0.392587043406
27,0.413875498423,0.394202329279,0.06319856256,0.0631450734487,0.663801714657,1.00686585419,0.639439350221,0.210412215411
28,1.36653790629,1.42532197441,0.163763693678,0.163258523476,1.81321567249,2.12125380446,3.78223082108,0.472479114688
29,1.06282316766,0.827639833698,0.862233187125,1.10499831331,1.39739292812,1.76032284605,2.6388833232,0.387544827733
