,DHDA-1,DHDA-2,DHDA-3,DHDA-4,DHDA-5,DHDA-6,DHDA-7
0,0.03298821355534177,0.03453406790193625,0.03659621665412211,0.03843553377805025,0.04052121263699572,0.041673586776784316,0.043027323536730326
1,0.023724394735331365,0.025243218037654773,0.02652923525086244,0.028606008255613297,0.030171888078449283,0.03108356186134449,0.03340316509559152
2,0.031172283691331782,0.032396307183985056,0.03381770787272348,0.03521167539415124,0.03666660027019348,0.038329322938535505,0.039322406614696034
3,0.03168391572552713,0.03519450726503345,0.03587524304335616,0.040210074398724684,0.04045402800517966,0.04339425642264174,0.041501247719696786
4,0.03482751613328445,0.033735263350921856,0.03507323620778336,0.036574650602595085,0.038259124835429266,0.03974971948127967,0.041422816432223585
5,0.031931857861330654,0.034141585978151666,0.03637239604712565,0.03843236671832575,0.040060641465522455,0.04182432875912495,0.045528059701824
6,0.03669829162882328,0.03996229269325057,0.04310845754212737,0.054865974152425875,0.05522551728659525,0.057053425168560136,0.05936054058592687
7,0.03541705127375311,0.03901081777302085,0.040669388904059446,0.04334465473649385,0.04424798573809921,0.045549628944158975,0.04688580121170787
8,0.03402334079780474,0.03586002279585328,0.03683226317918342,0.03862411028094491,0.03896951147917659,0.04825613110086727,0.04256525948620171
9,0.03166391613702981,0.03357884895588265,0.0343327676901421,0.03419998090884195,0.039575840206032734,0.040682986865717884,0.044031190830338005
10,0.031614912443697955,0.03301453145782621,0.03483416088529863,0.035429264952522396,0.03704664040729395,0.03954275342706943,0.041200591067176606
11,0.03221777111354339,0.035469856651152896,0.037441017852897655,0.03546145078959737,0.04044398086983596,0.03884708543169063,0.040243609127482705
12,0.030381942438597268,0.03199077224621303,0.037411504415509556,0.035383214602802936,0.037160347023959574,0.03857741566226855,0.04009500901115345
13,0.03715773946073788,0.039200847707015506,0.04216377489595424,0.042216876209104075,0.045856552035773164,0.04722051102655169,0.046698536415809254
14,0.033033837767203256,0.03518505925303053,0.03599919103314331,0.03934899004528799,0.04108295997923089,0.042105618877627995,0.04541058216691152
15,0.03281217421958784,0.03562553822290713,0.039322299289974307,0.03928842924491688,0.04575200567815095,0.05056395366894291,0.046684170939738
16,0.0355854610798633,0.03730983347424938,0.03872344493217475,0.040894965723996035,0.041428218644176736,0.04405982108437191,0.04615676930224602
17,0.032038352195470465,0.038716690887644054,0.03324858824759625,0.04216362310423984,0.03625733599331088,0.0428909550681311,0.0394743266592988
18,0.03261547547371115,0.03655696445815265,0.03897730477278436,0.03949340372686431,0.04098361650801675,0.04500070986323132,0.04576577115851165
19,0.03057357787188359,0.03165806522931567,0.03275283705221407,0.034315553921958016,0.03495559330949124,0.036708354858197074,0.03815635725752995
20,0.033128343868659677,0.034887442331761845,0.036455667224300665,0.03767424652490584,0.0396588010214053,0.04168917957220028,0.0428648467209833
21,0.030806266187313167,0.03201886994383572,0.033218962639339183,0.0342331943295979,0.035838882308570394,0.03663947840227579,0.038079310487611685
22,0.034942110515664794,0.037530881929954345,0.03776467284213841,0.041790421373883356,0.04346123086723339,0.04293694576702886,0.04332422221592098
23,0.035115707880292765,0.03592600161375821,0.03673772373543328,0.03874911037532849,0.039986345610541395,0.041942439880287674,0.04371382297506451
24,0.027667352097793106,0.029325820877000072,0.03131418511639302,0.03314428760719478,0.035079680976093826,0.0371971661090752,0.037955803711022154
25,0.02967755067571346,0.03426634602724975,0.03606643419784238,0.036725713048630954,0.03863187279494322,0.04027273165526343,0.04266660457067921
26,0.031143033200925742,0.0332152615250576,0.03473673350882619,0.03640292785747042,0.038064341396836766,0.04011362511868555,0.0410206425647621
27,0.030878988021527377,0.033443255731668675,0.03728442453640994,0.040097213287385816,0.043428396757801684,0.04770221879465879,0.04772588902076069
28,0.03313838571208735,0.03544778651289231,0.03660792478235339,0.0378983127379102,0.03912155398578062,0.041534616449906685,0.04224744827082172
29,0.032326290519317256,0.0350930901631025,0.0374078171966719,0.0427416305238807,0.04431341672548003,0.04232722819535594,0.05044077304170152
